area,category,name,lat,lon,osm_type
soma,river,小泉川,37.8113,140.96012,way
soma,stream,[waterway=stream],37.82106,140.91311,way
soma,river,日下石川,37.77951,140.97846,way
soma,stream,[waterway=stream],37.823,140.93165,way
soma,stream,[waterway=stream],37.7817,140.95805,way
soma,stream,[waterway=stream],37.82123,140.95197,way
soma,stream,[waterway=stream],37.78275,140.97385,way
soma,stream,[waterway=stream],37.82377,140.9429,way
soma,river,宇多川,37.78283,140.90118,way
soma,river,宇多川,37.80082,140.93848,way
soma,stream,[waterway=stream],37.78085,140.94919,way
soma,stream,[waterway=stream],37.82736,140.9284,way
soma,stream,[waterway=stream],37.7823,140.962,way
soma,stream,[waterway=stream],37.78243,140.96116,way
soma,stream,[waterway=stream],37.81084,140.94763,way
soma,river,立谷川,37.77154,140.92129,way
soma,stream,[waterway=stream],37.7835,140.96237,way
soma,stream,[waterway=stream],37.81395,140.96797,way
soma,river,小泉川,37.81362,140.89368,way
soma,stream,[waterway=stream],37.82353,140.94903,way
soma,stream,[waterway=stream],37.78733,140.89955,way
soma,river,梅川,37.78663,140.96986,way
soma,stream,[waterway=stream],37.77787,140.97955,way
soma,river,小泉川,37.8161,140.96568,way
soma,river,日下石川,37.77708,140.97271,way
soma,river,右支小泉川,37.80572,140.90921,way
soma,stream,[waterway=stream],37.81772,140.91609,way
soma,river,地蔵川,37.82738,140.90643,way
soma,stream,[waterway=stream],37.82293,140.92361,way
soma,stream,[waterway=stream],37.76769,140.97251,way
soma,river,小泉川,37.8095,140.90687,way
soma,stream,[waterway=stream],37.81784,140.95082,way
soma,river,小泉川,37.80699,140.93226,way
soma,stream,[waterway=stream],37.81654,140.94715,way
soma,stream,[waterway=stream],37.78133,140.95384,way
soma,stream,[waterway=stream],37.77551,140.97321,way
soma,river,宇多川,37.81345,140.97108,way
soma,stream,[waterway=stream],37.81302,140.95122,way
soma,stream,[waterway=stream],37.8028,140.90256,way
soma,river,右支小泉川,37.80065,140.89274,way
soma,river,日下石川,37.7702,140.96126,way
soma,river,小泉川,37.81462,140.96575,way
soma,river,梅川,37.79006,140.92656,way
soma,stream,[waterway=stream],37.78545,140.95432,way
soma,stream,[waterway=stream],37.80351,140.92597,way
soma,river,梅川,37.785,140.96652,way
soma,stream,[waterway=stream],37.82008,140.93145,way
soma,forest,[natural=wood],37.81618,140.95385,way
soma,forest,[natural=wood],37.81346,140.91004,way
soma,forest,[natural=wood],37.81325,140.94806,way
soma,forest,[natural=wood],37.79435,140.91175,way
soma,forest,[natural=wood],37.79572,140.90993,way
soma,forest,[natural=wood],37.79965,140.90848,way
soma,forest,[natural=wood],37.82472,140.9157,way
soma,forest,[natural=wood],37.82415,140.91131,way
soma,forest,[natural=wood],37.82559,140.90908,way
soma,forest,[natural=wood],37.8233,140.90034,way
soma,forest,[natural=wood],37.81903,140.92391,way
soma,forest,[natural=wood],37.82102,140.90643,way
soma,forest,[natural=wood],37.81693,140.92954,way
soma,forest,[natural=wood],37.8173,140.90191,way
soma,forest,[natural=wood],37.815,140.93071,way
soma,forest,[natural=wood],37.81021,140.93556,way
soma,forest,[natural=wood],37.81065,140.91733,way
soma,forest,[natural=wood],37.81047,140.93958,way
soma,forest,[natural=wood],37.80962,140.94649,way
soma,forest,[natural=wood],37.80563,140.95238,way
soma,forest,[natural=wood],37.80523,140.90093,way
soma,forest,[natural=wood],37.80044,140.91076,way
soma,forest,[natural=wood],37.78016,140.94648,way
soma,forest,[natural=wood],37.78427,140.93679,way
soma,forest,[natural=wood],37.78422,140.932,way
soma,forest,[natural=wood],37.78516,140.94018,way
soma,forest,[natural=wood],37.7681,140.90134,way
soma,pond_lake,[natural=water],37.82608,140.95274,way
soma,stream,[waterway=stream],37.78397,140.90866,way
soma,river,梅川,37.78655,140.95555,way
soma,river,梅川,37.78807,140.94592,way
soma,river,梅川,37.79061,140.9301,way
soma,river,梅川,37.79028,140.93717,way
soma,forest,[natural=wood],37.80603,140.96008,way
soma,pond_lake,[water=river],37.80233,140.93922,way
soma,forest,[natural=wood],37.8141,140.96315,way
soma,forest,[natural=wood],37.81451,140.96461,way
soma,forest,[natural=wood],37.8229,140.9761,way
soma,forest,[natural=wood],37.82319,140.98086,way
soma,forest,[natural=wood],37.81418,140.95707,way
soma,forest,[natural=wood],37.82536,140.97005,way
soma,forest,[natural=wood],37.82309,140.97664,way
soma,forest,[natural=wood],37.82117,140.97956,way
soma,forest,[natural=wood],37.8158,140.96096,way
soma,forest,[natural=wood],37.82568,140.97185,way
soma,stream,[waterway=stream],37.77089,140.90737,way
soma,pond_lake,[natural=water],37.82577,140.90376,way
soma,forest,[landuse=forest],37.78483,140.90216,way
soma,forest,[natural=wood],37.78559,140.90059,way
soma,forest,[natural=wood],37.80608,140.96286,way
soma,forest,[natural=wood],37.806,140.96376,way
soma,forest,[natural=wood],37.8062,140.96507,way
soma,forest,[natural=wood],37.80735,140.96897,way
soma,pond_lake,[natural=water],37.79828,140.91956,way
soma,pond_lake,[natural=water],37.79815,140.91425,way
soma,pond_lake,[natural=water],37.79734,140.91483,way
soma,stream,[waterway=stream],37.79607,140.91465,way
soma,stream,[waterway=stream],37.79888,140.91343,way
soma,stream,[waterway=stream],37.79699,140.91475,way
soma,pond_lake,[natural=water],37.80046,140.91849,way
soma,stream,[waterway=stream],37.80379,140.92818,way
soma,stream,[waterway=stream],37.80385,140.92963,way
soma,stream,[waterway=stream],37.80373,140.92647,way
soma,stream,[waterway=stream],37.80376,140.92732,way
soma,stream,[waterway=stream],37.80445,140.92543,way
soma,stream,[waterway=stream],37.80733,140.94631,way
soma,stream,[waterway=stream],37.80392,140.93115,way
soma,pond_lake,[water=pond],37.81366,140.92301,way
soma,pond_lake,[water=pond],37.81327,140.92367,way
soma,stream,[waterway=stream],37.8222,140.93398,way
soma,stream,[waterway=stream],37.82217,140.93394,way
soma,pond_lake,[water=pond],37.81349,140.91754,way
soma,pond_lake,[natural=water],37.82715,140.95764,way
soma,forest,[natural=wood],37.81476,140.96978,way
soma,forest,[natural=wood],37.81596,140.96769,way
soma,forest,[landuse=forest],37.79669,140.96752,way
soma,forest,[landuse=forest],37.79552,140.9668,way
soma,forest,[landuse=forest],37.79433,140.96619,way
soma,forest,[landuse=forest],37.79427,140.96511,way
soma,forest,[landuse=forest],37.79194,140.96407,way
soma,forest,[landuse=forest],37.79094,140.9634,way
soma,forest,[landuse=forest],37.79079,140.96205,way
soma,forest,[landuse=forest],37.78974,140.9621,way
soma,forest,[landuse=forest],37.78861,140.96215,way
soma,forest,[landuse=forest],37.78864,140.9632,way
soma,forest,[landuse=forest],37.78748,140.96388,way
soma,forest,[landuse=forest],37.78645,140.96422,way
soma,forest,[landuse=forest],37.78645,140.96599,way
soma,forest,[landuse=forest],37.78548,140.96631,way
soma,forest,[landuse=forest],37.78469,140.96622,way
soma,forest,[landuse=forest],37.78573,140.96852,way
soma,forest,[landuse=forest],37.78408,140.96775,way
soma,forest,[landuse=forest],37.78462,140.96911,way
soma,forest,[landuse=forest],37.78327,140.97016,way
soma,forest,[landuse=forest],37.78251,140.9715,way
soma,forest,[landuse=forest],37.78151,140.97231,way
soma,forest,[landuse=forest],37.78018,140.97525,way
soma,forest,[landuse=forest],37.77849,140.98296,way
soma,forest,[landuse=forest],37.77784,140.9855,way
soma,forest,[landuse=forest],37.785,140.9853,way
soma,forest,[landuse=forest],37.78709,140.98292,way
soma,forest,[landuse=forest],37.78822,140.98308,way
soma,forest,[landuse=forest],37.79066,140.98369,way
soma,forest,[landuse=forest],37.79337,140.98574,way
soma,forest,[landuse=forest],37.79478,140.98407,way
soma,forest,[landuse=forest],37.81845,140.98368,way
soma,forest,[landuse=forest],37.80024,140.96599,way
soma,forest,[landuse=forest],37.80133,140.96589,way
soma,forest,[landuse=forest],37.80238,140.96469,way
soma,forest,[landuse=forest],37.8024,140.96577,way
soma,forest,[landuse=forest],37.80341,140.96471,way
soma,forest,[landuse=forest],37.8034,140.96575,way
soma,forest,[landuse=forest],37.80407,140.96482,way
soma,forest,[landuse=forest],37.80412,140.96605,way
soma,forest,[natural=wood],37.81983,140.94864,way
soma,forest,[natural=wood],37.82201,140.95146,way
soma,pond_lake,[natural=water],37.82087,140.95008,way
soma,pond_lake,[natural=water],37.82472,140.942,way
soma,pond_lake,[natural=water],37.79677,140.91333,way
soma,pond_lake,[natural=water],37.82483,140.9493,way
soma,forest,[natural=wood],37.81664,140.93601,way
soma,forest,[natural=wood],37.81526,140.93375,way
soma,pond_lake,[natural=water],37.81615,140.93439,way
soma,forest,[natural=wood],37.81044,140.93274,way
soma,forest,[natural=wood],37.81246,140.93233,way
soma,forest,[natural=wood],37.81199,140.9387,way
soma,forest,[natural=wood],37.81365,140.93331,way
soma,pond_lake,[natural=water],37.81199,140.93226,way
soma,pond_lake,[natural=water],37.81424,140.93742,way
soma,pond_lake,[natural=water],37.81769,140.9368,way
soma,pond_lake,[natural=water],37.81822,140.93964,way
soma,pond_lake,[natural=water],37.79967,140.91581,way
soma,pond_lake,[natural=water],37.80066,140.9143,way
soma,stream,[waterway=stream],37.82112,140.90085,way
soma,pond_lake,ミサゴ沢溜池,37.8199,140.90477,way
soma,stream,[waterway=stream],37.80481,140.90783,way
soma,stream,[waterway=stream],37.80438,140.90695,way
soma,pond_lake,[water=reservoir],37.81409,140.93009,way
soma,pond_lake,[water=reservoir],37.81271,140.92907,way
soma,forest,[natural=wood],37.81293,140.93031,way
soma,forest,[natural=wood],37.8115,140.92924,way
soma,forest,[natural=wood],37.81141,140.9266,way
soma,forest,[natural=wood],37.8105,140.92815,way
soma,forest,[natural=wood],37.81007,140.92619,way
soma,forest,[natural=wood],37.80948,140.92494,way
soma,pond_lake,[water=reservoir],37.81484,140.92749,way
soma,pond_lake,[water=reservoir],37.81682,140.92874,way
soma,forest,[natural=wood],37.7765,140.94406,way
soma,forest,[natural=wood],37.78046,140.95043,way
soma,forest,[natural=wood],37.78182,140.94964,way
soma,forest,[natural=wood],37.78283,140.94851,way
soma,pond_lake,[water=reservoir],37.77714,140.94317,way
soma,forest,[natural=wood],37.82559,140.96558,way
soma,forest,[natural=wood],37.82495,140.96533,way
soma,forest,[natural=wood],37.82635,140.96889,way
soma,stream,[waterway=stream],37.80877,140.95539,way
soma,stream,[waterway=stream],37.80858,140.95541,way
soma,stream,[waterway=stream],37.80509,140.93418,way
soma,stream,[waterway=stream],37.80618,140.93705,way
soma,stream,[waterway=stream],37.8035,140.90622,way
soma,stream,[waterway=stream],37.80297,140.90567,way
soma,stream,[waterway=stream],37.80274,140.9052,way
soma,stream,[waterway=stream],37.80252,140.90474,way
soma,stream,[waterway=stream],37.82357,140.92839,way
soma,stream,[waterway=stream],37.82383,140.92924,way
soma,stream,[waterway=stream],37.81211,140.90049,way
soma,stream,[waterway=stream],37.80008,140.90547,way
soma,stream,[waterway=stream],37.80047,140.90565,way
soma,stream,[waterway=stream],37.80078,140.90583,way
soma,stream,[waterway=stream],37.80082,140.90576,way
soma,stream,[waterway=stream],37.79896,140.89978,way
soma,forest,[natural=wood],37.79339,140.89889,way
soma,pond_lake,[water=river],37.78528,140.96684,way
soma,pond_lake,[water=river],37.81422,140.96489,relation
soma,pond_lake,[water=river],37.81337,140.96957,relation
soma,pond_lake,[water=river],37.80891,140.94598,relation
soma,pond_lake,[water=river],37.80647,140.91962,relation
soma,pond_lake,[water=river],37.80775,140.95695,relation
soma,forest,[natural=wood],37.79793,140.91486,relation
soma,forest,[natural=wood],37.81356,140.92881,relation
soma,river,宇多川,37.78893,140.82726,relation
soma,river,梅川,37.78781,140.94659,relation
soma,pond_lake,[water=river],37.78418,140.95751,relation
soma,pond_lake,[water=river],37.78595,140.95028,relation
soma,pond_lake,[water=river],37.7872,140.94807,relation
soma,pond_lake,[water=river],37.78798,140.94578,relation
soma,river,地蔵川,37.83797,140.90513,relation
soma,river,小泉川,37.81098,140.9195,relation
soma,river,日下石川,37.76359,140.94002,relation
minamisoma,stream,[waterway=stream],37.63041,140.99706,way
minamisoma,stream,[waterway=stream],37.62489,141.00444,way
minamisoma,river,牛川,37.59902,141.00885,way
minamisoma,stream,[waterway=stream],37.64165,140.99068,way
minamisoma,river,北原川,37.62655,141.00459,way
minamisoma,stream,[waterway=stream],37.61283,141.00629,way
minamisoma,river,新田川,37.63899,141.02327,way
minamisoma,stream,[waterway=stream],37.60651,141.01664,way
minamisoma,river,北原川,37.62637,141.01391,way
minamisoma,river,新田川,37.64119,141.01999,way
minamisoma,stream,[waterway=stream],37.62364,141.0035,way
minamisoma,stream,[waterway=stream],37.61506,141.0214,way
minamisoma,stream,[waterway=stream],37.62253,141.0014,way
minamisoma,river,武須川,37.65677,140.98243,way
minamisoma,stream,[waterway=stream],37.62397,140.99624,way
minamisoma,stream,[waterway=stream],37.63496,141.01004,way
minamisoma,river,武須川,37.64641,141.00976,way
minamisoma,river,太田川,37.59994,140.99893,way
minamisoma,river,渋佐川,37.63707,141.02171,way
minamisoma,river,新田川,37.6432,141.00344,way
minamisoma,river,渋佐川,37.63721,141.01455,way
minamisoma,stream,[waterway=stream],37.60443,141.00585,way
minamisoma,stream,[waterway=stream],37.61815,141.01018,way
minamisoma,river,牛川,37.60761,140.99107,way
minamisoma,forest,[natural=wood],37.65831,141.00239,way
minamisoma,forest,[natural=wood],37.64857,141.01802,way
minamisoma,forest,[natural=wood],37.66042,140.99101,way
minamisoma,forest,[natural=wood],37.60969,141.02437,way
minamisoma,forest,[natural=wood],37.6213,140.99359,way
minamisoma,forest,[natural=wood],37.61457,140.99649,way
minamisoma,forest,[natural=wood],37.63172,141.00428,way
minamisoma,forest,[natural=wood],37.63934,140.99682,way
minamisoma,pond_lake,[natural=water],37.6036,141.01198,way
minamisoma,pond_lake,田堤溜池,37.60243,141.0106,way
minamisoma,forest,[natural=wood],37.64897,141.01466,way
minamisoma,forest,[natural=wood],37.64995,141.01367,way
minamisoma,forest,[natural=wood],37.64745,141.0165,way
minamisoma,pond_lake,[natural=water],37.64493,140.99626,way
minamisoma,forest,[natural=wood],37.6432,140.99346,way
minamisoma,forest,[natural=wood],37.63842,140.99916,way
minamisoma,forest,[natural=wood],37.641,140.99465,way
minamisoma,forest,[natural=wood],37.63793,141.00098,way
minamisoma,forest,[natural=wood],37.62714,141.00088,way
minamisoma,forest,[natural=wood],37.62931,141.00491,way
minamisoma,forest,[natural=wood],37.62454,141.01114,way
minamisoma,forest,[natural=wood],37.62417,141.00732,way
minamisoma,forest,[natural=wood],37.61747,141.0056,way
minamisoma,forest,[natural=wood],37.6184,141.00534,way
minamisoma,forest,[natural=wood],37.61705,141.00476,way
minamisoma,forest,[natural=wood],37.61686,141.00909,way
minamisoma,forest,[natural=wood],37.65652,141.01268,way
minamisoma,forest,[natural=wood],37.65591,141.01585,way
minamisoma,river,北原川,37.62972,140.99064,way
minamisoma,forest,[natural=wood],37.64341,141.02094,way
minamisoma,pond_lake,袖原溜池,37.6034,141.01521,way
minamisoma,forest,[natural=wood],37.60149,141.01675,way
minamisoma,forest,[natural=wood],37.60596,141.01259,way
minamisoma,forest,[landuse=forest],37.64143,140.99062,way
minamisoma,forest,[natural=wood],37.60057,140.99264,way
minamisoma,stream,[waterway=stream],37.60274,140.99454,way
minamisoma,stream,[waterway=stream],37.60464,140.99222,way
minamisoma,stream,[waterway=stream],37.60646,140.98997,way
minamisoma,stream,[waterway=stream],37.59922,141.00083,way
minamisoma,forest,[landuse=forest],37.65952,141.0141,way
minamisoma,forest,[landuse=forest],37.65968,141.01573,way
minamisoma,forest,[landuse=forest],37.65477,141.01897,way
minamisoma,forest,[landuse=forest],37.65581,141.01715,way
minamisoma,forest,[landuse=forest],37.65533,141.01814,way
minamisoma,stream,[waterway=stream],37.61525,141.0201,way
minamisoma,stream,[waterway=stream],37.61579,141.01547,way
minamisoma,stream,[waterway=stream],37.61566,141.0162,way
minamisoma,stream,[waterway=stream],37.61557,141.01672,way
minamisoma,stream,[waterway=stream],37.61549,141.01724,way
minamisoma,river,渋佐川,37.6372,141.01727,way
minamisoma,river,渋佐川,37.63706,141.01641,way
minamisoma,stream,[waterway=stream],37.62442,141.00402,way
minamisoma,stream,[waterway=stream],37.62877,141.00171,way
minamisoma,stream,[waterway=stream],37.62916,141.00077,way
minamisoma,stream,[waterway=stream],37.62707,141.00411,way
minamisoma,stream,[waterway=stream],37.62751,141.00407,way
minamisoma,stream,[waterway=stream],37.62611,141.00509,way
minamisoma,stream,[waterway=stream],37.62576,141.00504,way
minamisoma,stream,[waterway=stream],37.62797,141.00333,way
minamisoma,stream,[waterway=stream],37.62839,141.00262,way
minamisoma,stream,[waterway=stream],37.62244,141.00265,way
minamisoma,stream,[waterway=stream],37.62288,141.00298,way
minamisoma,stream,[waterway=stream],37.61819,141.00696,way
minamisoma,stream,[waterway=stream],37.61851,141.0072,way
minamisoma,stream,[waterway=stream],37.61611,141.01435,way
minamisoma,stream,[waterway=stream],37.62303,141.00039,way
minamisoma,stream,[waterway=stream],37.61894,141.00799,way
minamisoma,stream,[waterway=stream],37.61885,141.00882,way
minamisoma,stream,[waterway=stream],37.63493,141.01898,way
minamisoma,stream,[waterway=stream],37.63346,141.01661,way
minamisoma,river,渋佐川,37.63851,141.02322,way
minamisoma,river,渋佐川,37.63803,141.02277,way
minamisoma,river,渋佐川,37.6397,140.99974,way
minamisoma,river,渋佐川,37.6395,141.00031,way
minamisoma,stream,[waterway=stream],37.64065,140.99664,way
minamisoma,stream,[waterway=stream],37.64155,140.99376,way
minamisoma,stream,[waterway=stream],37.61337,141.02095,way
minamisoma,stream,[waterway=stream],37.6114,141.02039,way
minamisoma,stream,[waterway=stream],37.61165,141.02048,way
minamisoma,stream,[waterway=stream],37.6115,141.02044,way
minamisoma,stream,[waterway=stream],37.61661,141.01327,way
minamisoma,stream,[waterway=stream],37.61745,141.01154,way
minamisoma,stream,[waterway=stream],37.61484,141.00437,way
minamisoma,stream,[waterway=stream],37.61529,141.00473,way
minamisoma,stream,[waterway=stream],37.61609,141.00533,way
minamisoma,stream,[waterway=stream],37.61692,141.00597,way
minamisoma,stream,[waterway=stream],37.6174,141.00634,way
minamisoma,stream,[waterway=stream],37.61787,141.00671,way
minamisoma,stream,[waterway=stream],37.61716,141.01209,way
minamisoma,stream,[waterway=stream],37.61686,141.01267,way
minamisoma,stream,[waterway=stream],37.61636,141.01382,way
minamisoma,stream,[waterway=stream],37.61634,141.01386,way
minamisoma,stream,[waterway=stream],37.61597,141.01358,way
minamisoma,stream,[waterway=stream],37.61558,141.01325,way
minamisoma,stream,[waterway=stream],37.61484,141.01261,way
minamisoma,stream,[waterway=stream],37.61213,141.00791,way
minamisoma,stream,[waterway=stream],37.61276,141.00946,way
minamisoma,stream,[waterway=stream],37.61293,141.01101,way
minamisoma,stream,[waterway=stream],37.61336,141.01141,way
minamisoma,stream,[waterway=stream],37.61397,141.01189,way
minamisoma,stream,[waterway=stream],37.61459,140.99741,way
minamisoma,stream,[waterway=stream],37.61445,140.99875,way
minamisoma,stream,[waterway=stream],37.61393,141.0002,way
minamisoma,stream,[waterway=stream],37.61338,141.00156,way
minamisoma,stream,[waterway=stream],37.61143,141.01973,way
minamisoma,stream,[waterway=stream],37.61137,141.01911,way
minamisoma,stream,[waterway=stream],37.61006,141.01855,way
minamisoma,stream,[waterway=stream],37.60876,141.01765,way
minamisoma,stream,[waterway=stream],37.60872,141.01785,way
minamisoma,stream,[waterway=stream],37.60873,141.01798,way
minamisoma,stream,[waterway=stream],37.6088,140.99658,way
minamisoma,stream,[waterway=stream],37.6085,140.9977,way
minamisoma,stream,[waterway=stream],37.60823,140.99865,way
minamisoma,stream,[waterway=stream],37.60799,140.99952,way
minamisoma,stream,[waterway=stream],37.60767,141.00066,way
minamisoma,stream,[waterway=stream],37.60734,141.00182,way
minamisoma,stream,[waterway=stream],37.60702,141.00297,way
minamisoma,stream,[waterway=stream],37.60671,141.0041,way
minamisoma,stream,[waterway=stream],37.60275,141.00568,way
minamisoma,stream,[waterway=stream],37.60333,141.00565,way
minamisoma,stream,[waterway=stream],37.60613,141.00492,way
minamisoma,stream,[waterway=stream],37.60553,141.00569,way
minamisoma,river,渋佐川,37.63692,141.02038,way
minamisoma,river,渋佐川,37.63725,141.01996,way
minamisoma,stream,[waterway=stream],37.63823,141.00125,way
minamisoma,stream,[waterway=stream],37.63752,141.00237,way
minamisoma,stream,[waterway=stream],37.63722,141.00276,way
minamisoma,stream,[waterway=stream],37.63693,141.0031,way
minamisoma,stream,[waterway=stream],37.6369,141.00313,way
minamisoma,stream,[waterway=stream],37.6367,141.00328,way
minamisoma,stream,[waterway=stream],37.63647,141.00351,way
minamisoma,stream,[waterway=stream],37.62557,141.00494,way
minamisoma,stream,[waterway=stream],37.62536,141.00483,way
minamisoma,stream,[waterway=stream],37.63939,140.99977,way
minamisoma,stream,[waterway=stream],37.63894,141.00014,way
minamisoma,pond_lake,[water=river],37.6452,141.01482,way
minamisoma,pond_lake,[water=river],37.64576,141.01488,way
minamisoma,pond_lake,[water=river],37.64312,141.01702,way
minamisoma,pond_lake,[water=river],37.64376,141.01819,way
minamisoma,pond_lake,[water=river],37.64322,141.01633,way
minamisoma,pond_lake,[water=river],37.6431,141.01512,way
minamisoma,pond_lake,[water=river],37.64416,141.01484,way
minamisoma,pond_lake,[water=river],37.64159,141.0189,way
minamisoma,forest,[natural=wood],37.63423,140.99684,way
minamisoma,forest,[natural=wood],37.63396,140.9979,way
minamisoma,forest,[natural=wood],37.63625,140.99424,way
minamisoma,pond_lake,[water=river],37.63247,140.98995,way
minamisoma,pond_lake,[water=river],37.63228,140.99076,way
minamisoma,pond_lake,[water=river],37.63206,140.99168,way
minamisoma,pond_lake,[water=river],37.63181,140.99271,way
minamisoma,pond_lake,[water=river],37.62634,141.02175,way
minamisoma,pond_lake,[water=river],37.62624,141.01837,way
minamisoma,pond_lake,[water=river],37.63152,140.9939,way
minamisoma,pond_lake,[water=river],37.63115,140.99467,way
minamisoma,pond_lake,[water=river],37.6335,140.99167,way
minamisoma,pond_lake,[water=river],37.63324,140.99209,way
minamisoma,pond_lake,[water=river],37.63262,140.99293,way
minamisoma,pond_lake,[water=river],37.63186,140.99347,way
minamisoma,pond_lake,[water=river],37.6263,141.01412,way
minamisoma,pond_lake,[water=pond],37.62287,140.99251,way
minamisoma,pond_lake,[water=pond],37.62289,140.99175,way
minamisoma,pond_lake,[water=river],37.62658,141.00444,way
minamisoma,pond_lake,[water=river],37.62636,141.0087,way
minamisoma,pond_lake,[water=pond],37.63068,140.99161,way
minamisoma,pond_lake,[water=reservoir],37.6205,140.99963,way
minamisoma,forest,[natural=wood],37.62475,141.00601,way
minamisoma,forest,[natural=wood],37.6278,140.99336,way
minamisoma,pond_lake,[water=reservoir],37.62499,140.99794,way
minamisoma,forest,[natural=wood],37.62407,141.00854,way
minamisoma,pond_lake,[water=reservoir],37.61767,141.00163,way
minamisoma,pond_lake,[water=reservoir],37.61465,141.00365,way
minamisoma,pond_lake,金子塚ため池,37.61779,140.99764,way
minamisoma,pond_lake,[water=river],37.61425,141.00391,way
minamisoma,pond_lake,[water=river],37.61588,141.00595,way
minamisoma,pond_lake,[water=river],37.61517,141.00524,way
minamisoma,pond_lake,[water=river],37.61514,141.00491,way
minamisoma,pond_lake,[water=river],37.61482,141.00435,way
minamisoma,pond_lake,[water=reservoir],37.61202,141.00833,way
minamisoma,forest,[natural=wood],37.61123,141.00892,way
minamisoma,pond_lake,[water=reservoir],37.61241,141.0078,way
minamisoma,pond_lake,[water=river],37.61328,141.01555,way
minamisoma,forest,[natural=wood],37.61422,141.0136,way
minamisoma,forest,[natural=wood],37.61572,141.01431,way
minamisoma,stream,[waterway=stream],37.61332,141.00265,way
minamisoma,stream,[waterway=stream],37.61346,141.00467,way
minamisoma,stream,[waterway=stream],37.61346,141.00438,way
minamisoma,forest,[natural=wood],37.61064,141.00693,way
minamisoma,pond_lake,[water=river],37.62676,141.00239,way
minamisoma,pond_lake,[water=river],37.62686,141.00043,way
minamisoma,pond_lake,[water=river],37.6294,140.98958,way
minamisoma,pond_lake,[water=river],37.62886,140.99119,way
minamisoma,pond_lake,[water=river],37.62841,140.99262,way
minamisoma,pond_lake,[water=river],37.62802,140.99371,way
minamisoma,pond_lake,[water=river],37.62769,140.99596,way
minamisoma,pond_lake,[water=river],37.62724,140.99889,way
minamisoma,pond_lake,調整池,37.62518,140.99019,way
minamisoma,pond_lake,[water=river],37.62609,141.00509,way
minamisoma,pond_lake,[water=river],37.62556,141.00493,way
minamisoma,pond_lake,[water=river],37.62489,141.00443,way
minamisoma,pond_lake,[water=river],37.62364,141.0035,way
minamisoma,pond_lake,[water=river],37.62253,141.0017,way
minamisoma,pond_lake,[water=river],37.62359,140.9975,way
minamisoma,pond_lake,[water=river],37.61523,141.02263,way
minamisoma,pond_lake,[water=river],37.61515,141.02173,way
minamisoma,pond_lake,[water=river],37.60985,140.98874,way
minamisoma,pond_lake,[water=river],37.60878,140.99158,way
minamisoma,pond_lake,[water=river],37.60802,140.99361,way
minamisoma,pond_lake,[water=river],37.60704,140.99545,way
minamisoma,pond_lake,[water=river],37.60509,140.99858,way
minamisoma,pond_lake,[water=river],37.60311,141.00289,way
minamisoma,pond_lake,[water=river],37.60274,141.00568,way
minamisoma,pond_lake,[water=river],37.60056,141.00701,way
minamisoma,pond_lake,[water=river],37.62024,140.99961,way
minamisoma,pond_lake,[water=river],37.62112,140.99875,way
minamisoma,pond_lake,[water=river],37.62226,140.99671,way
minamisoma,pond_lake,[water=river],37.62315,140.99471,way
minamisoma,pond_lake,[water=river],37.62321,140.99409,way
minamisoma,pond_lake,[water=river],37.62321,140.99313,way
minamisoma,pond_lake,[water=river],37.62302,140.99186,way
minamisoma,pond_lake,[water=river],37.62292,140.99112,way
minamisoma,pond_lake,[water=river],37.62316,140.99008,way
minamisoma,pond_lake,[water=river],37.62451,140.9934,way
minamisoma,pond_lake,[water=river],37.62527,140.99129,way
minamisoma,pond_lake,[water=river],37.62707,141.00411,way
minamisoma,pond_lake,[water=river],37.62862,141.01211,way
minamisoma,pond_lake,[water=river],37.62705,141.01229,way
minamisoma,pond_lake,[water=river],37.62937,141.00669,way
minamisoma,pond_lake,[water=river],37.62894,141.00662,way
minamisoma,pond_lake,[water=river],37.62812,141.00652,way
minamisoma,pond_lake,[water=river],37.62791,141.00343,way
minamisoma,pond_lake,[water=river],37.62833,141.00272,way
minamisoma,pond_lake,[water=river],37.63041,140.99669,way
minamisoma,pond_lake,[water=river],37.62955,140.9996,way
minamisoma,pond_lake,[water=river],37.62877,141.0017,way
minamisoma,pond_lake,[water=river],37.61483,141.01261,way
minamisoma,pond_lake,[water=river],37.61596,141.01357,way
minamisoma,pond_lake,[water=river],37.61527,141.01843,way
minamisoma,pond_lake,[water=river],37.61507,141.02045,way
minamisoma,pond_lake,[water=river],37.61708,141.00159,way
minamisoma,pond_lake,[water=river],37.61645,141.00204,way
minamisoma,pond_lake,[water=river],37.6161,141.00534,way
minamisoma,pond_lake,[water=river],37.61819,141.00695,way
minamisoma,pond_lake,[water=river],37.6174,141.00634,way
minamisoma,pond_lake,[water=river],37.61557,141.01672,way
minamisoma,pond_lake,[water=river],37.61601,141.01499,way
minamisoma,pond_lake,[water=river],37.61662,141.01325,way
minamisoma,pond_lake,[water=river],37.61894,141.00799,way
minamisoma,pond_lake,[water=river],37.61815,141.01018,way
minamisoma,pond_lake,[water=river],37.61715,141.01209,way
minamisoma,pond_lake,[water=river],37.61342,141.02096,way
minamisoma,pond_lake,[water=river],37.61151,141.02045,way
minamisoma,pond_lake,[water=river],37.60843,141.01745,way
minamisoma,pond_lake,[water=river],37.60833,141.01823,way
minamisoma,pond_lake,[water=river],37.60995,141.01961,way
minamisoma,pond_lake,[water=river],37.6086,141.01764,way
minamisoma,pond_lake,[water=river],37.60799,141.01764,way
minamisoma,pond_lake,[water=river],37.60735,141.01742,way
minamisoma,pond_lake,[water=river],37.60561,141.01628,way
minamisoma,pond_lake,[water=river],37.60613,141.0166,way
minamisoma,pond_lake,[water=river],37.60664,141.01697,way
minamisoma,pond_lake,[water=river],37.61324,141.01123,way
minamisoma,pond_lake,[water=river],37.61321,141.00908,way
minamisoma,pond_lake,[water=river],37.61315,141.01021,way
minamisoma,pond_lake,[water=river],37.61438,141.00347,way
minamisoma,stream,[waterway=stream],37.61344,141.00395,way
minamisoma,pond_lake,[water=river],37.61357,141.0043,way
minamisoma,pond_lake,[water=river],37.63699,141.02214,way
minamisoma,pond_lake,[water=river],37.63633,141.02143,way
minamisoma,pond_lake,[water=river],37.63967,140.99982,way
minamisoma,pond_lake,[water=river],37.63934,141.00088,way
minamisoma,pond_lake,[water=river],37.63918,141.00157,way
minamisoma,pond_lake,[water=river],37.63899,141.0024,way
minamisoma,pond_lake,[water=river],37.63815,141.00117,way
minamisoma,pond_lake,[water=river],37.63801,141.00151,way
minamisoma,pond_lake,[water=river],37.63787,141.00185,way
minamisoma,pond_lake,[water=river],37.63823,141.00239,way
minamisoma,pond_lake,[water=river],37.63869,141.00371,way
minamisoma,pond_lake,[water=river],37.63678,141.02054,way
minamisoma,pond_lake,[water=river],37.63981,140.99943,way
minamisoma,river,渋佐川,37.63915,141.0017,way
minamisoma,river,渋佐川,37.63889,141.00285,way
minamisoma,river,渋佐川,37.63869,141.00371,way
minamisoma,river,渋佐川,37.63849,141.00458,way
minamisoma,pond_lake,[water=river],37.63831,141.00538,way
minamisoma,river,渋佐川,37.63831,141.00538,way
minamisoma,river,渋佐川,37.63813,141.00616,way
minamisoma,pond_lake,[water=river],37.63794,141.00701,way
minamisoma,river,渋佐川,37.63794,141.00701,way
minamisoma,river,渋佐川,37.63774,141.00785,way
minamisoma,pond_lake,[water=river],37.6375,141.00893,way
minamisoma,river,渋佐川,37.6375,141.00893,way
minamisoma,river,渋佐川,37.63725,141.01002,way
minamisoma,pond_lake,[water=river],37.63715,141.01086,way
minamisoma,river,渋佐川,37.63715,141.01086,way
minamisoma,river,渋佐川,37.63711,141.01208,way
minamisoma,river,渋佐川,37.6371,141.01188,way
minamisoma,river,渋佐川,37.63709,141.01168,way
minamisoma,pond_lake,[water=river],37.6371,141.01188,way
minamisoma,pond_lake,[water=river],37.63712,141.01229,way
minamisoma,pond_lake,[water=river],37.63715,141.01302,way
minamisoma,river,渋佐川,37.63712,141.01229,way
minamisoma,river,渋佐川,37.63713,141.01252,way
minamisoma,river,渋佐川,37.63715,141.01302,way
minamisoma,river,渋佐川,37.63717,141.0135,way
minamisoma,pond_lake,[water=river],37.63721,141.01455,way
minamisoma,river,渋佐川,37.63716,141.01593,way
minamisoma,river,渋佐川,37.63725,141.01559,way
minamisoma,pond_lake,[water=river],37.63716,141.01594,way
minamisoma,river,渋佐川,37.63735,141.01962,way
minamisoma,river,渋佐川,37.63745,141.01924,way
minamisoma,pond_lake,[water=river],37.63736,141.01963,way
minamisoma,river,渋佐川,37.63739,141.01861,way
minamisoma,river,渋佐川,37.63734,141.01801,way
minamisoma,pond_lake,[water=river],37.63739,141.01861,way
minamisoma,pond_lake,[water=river],37.63725,141.01727,way
minamisoma,pond_lake,[water=river],37.63711,141.01657,way
minamisoma,pond_lake,[water=river],37.63623,141.02045,way
minamisoma,pond_lake,[water=river],37.63513,141.02068,way
minamisoma,pond_lake,[water=river],37.63389,141.02043,way
minamisoma,pond_lake,[water=river],37.63326,141.01905,way
minamisoma,pond_lake,[water=river],37.6333,141.01761,way
minamisoma,pond_lake,[water=river],37.63412,141.01374,way
minamisoma,pond_lake,[water=river],37.63559,141.00729,way
minamisoma,pond_lake,[water=river],37.6367,141.00328,way
minamisoma,pond_lake,[water=river],37.63703,141.00301,way
minamisoma,pond_lake,[water=river],37.63729,141.00268,way
minamisoma,pond_lake,[water=river],37.63823,141.00125,way
minamisoma,pond_lake,[water=river],37.63939,140.99977,way
minamisoma,pond_lake,[natural=water],37.61949,140.99406,way
minamisoma,pond_lake,[water=pond],37.62068,140.99351,way
minamisoma,pond_lake,[water=pond],37.61947,140.99554,way
minamisoma,forest,[natural=wood],37.61936,140.99576,way
minamisoma,forest,[natural=wood],37.61952,140.9951,way
minamisoma,forest,[natural=wood],37.62271,140.99205,way
minamisoma,forest,[natural=wood],37.62104,140.98942,way
minamisoma,stream,[waterway=stream],37.60142,140.99631,way
minamisoma,stream,[waterway=stream],37.60013,140.99818,way
minamisoma,pond_lake,[water=river],37.64117,141.00046,relation
minamisoma,river,新田川,37.66733,140.84955,relation
minamisoma,river,太田川,37.59139,140.9274,relation
